,title,artist
0,미리 메리 크리스마스 (Feat. 천둥 Of MBLAQ),아이유
1,롤린 (Rollin'),브레이브걸스
2,축가,전우성 (노을)
3,저녁하늘,에일리(AILEE)
4,눈물 자국,김종국
5,오늘 그녀가,루그
6,향수,"케이윌, 전우성 (노을)"
7,안녕,박혜경
8,Fly,SUPER JUNIOR-K.R.Y. (슈퍼주니어-K.R.Y.)
9,하이힐,브레이브걸스
10,눈물아 안녕,아이비
11,이름,임재범
12,내입술...따뜻한 커피처럼,샵
13,그 중에 그대를 만나,이선희
14,LOVE DAY,"양요섭, 정은지"
15,맨발의 청춘,벅
16,여자라서,아이유
17,살아서도.. 죽어서도..,휘성 (Realslow)
18,Give it 2 Me,신화
19,바다 끝,최백호
20,젊은 날의 초상,주영훈
21,동네한바퀴 (꽃다운나이) (Feat. 칸토 (트로이)),이선희
22,U & I,에일리(AILEE)
23,넌 is 뭔들,마마무 (Mamamoo)
24,Boo,아이유
25,다툼 (Feat. 40),제리케이 (Jerry.k)
26,겁나 (Feat. 매드클라운),멜로디데이 (MelodyDay)
27,소주 한 잔,임창정
28,BAAM,모모랜드 (MOMOLAND)
29,2U,강다니엘
30,I Can't,2PM
31,Dream Night,ASTRO (아스트로)
32,아로하,쿨 (COOL)
33,가슴앓이,바비 킴
34,하이힐,박혜경
35,내 마음의 사진,송가인
36,Tears,소찬휘
37,처음사랑,유열
38,Nothing Better,브라운 아이드 소울
39,기억할게요,양파
40,어젯밤 이야기,소방차
41,슬픈 발걸음 (구두II),씨야
42,영원한 사랑,핑클 (Fin.K.L)
43,하늘땅 별땅,비비
44,체념,빅마마
45,이별이래,유열
46,비련,비비
47,응급실,izi
48,안녕 정말 안녕,엠투엠 (M To M)
49,오랜만이야,임창정
50,Flower,윤미래
51,너에게 쓰는 편지 (Feat. 린),MC몽
52,좋니,윤종신
53,욕심쟁이,심신
54,두바둡 (only u),라붐 (LABOUM)
55,Beautiful,Crush
56,내사람 (Ivy Mix),SG 워너비
57,낡은 그리움,에일리(AILEE)
58,어마어마해,모모랜드 (MOMOLAND)
59,죽도록 사랑해 (Feat. 박정현),MC몽
60,I Love U Oh Thank U (Feat. 김태우 Of God),MC몽
61,하늘바라기 (Feat. 하림),정은지
62,담아 갈게,이무진
63,희나리,구창모
64,아버지,다이나믹 듀오
65,Perhaps Love (사랑가요) (Prod.By 박근태),"에릭남 (Eric Nam), CHEEZE (치즈)"
66,너와 함께,울랄라세션
67,당신의 눈물,태진아
68,거짓말이라도 해서 널 보고싶어,백지영
69,술 한잔 해요,지아
70,Mr. Chu,Apink (에이핑크)
71,오랜 날 오랜 밤,AKMU (악뮤)
72,"다시 난, 여기",백예린 (Yerin Baek)
73,No Woman No Cry,스토니 스컹크
74,사고쳤어요,다비치
75,죄,루그
76,슬픔을 참는 세가지 방법,혜령
77,너에게 쓰는 편지 Part 2 (Feat. LISA),MC몽
78,Dream (Prod. by 박근태),"수지, 백현 (BAEKHYUN)"
79,이별자리,이우
80,그 끝에 그대,청하
81,O Sole Mio,IZ*ONE (아이즈원)
82,My Style,조PD (ZoPD)
83,진심,이예준
84,I Like That,씨스타
85,그대 고운 내사랑,어반자카파
86,친구라도 될 걸 그랬어,거미
87,Again,스페이스 에이
88,거짓말,BIGBANG
89,넌 살아있다,버즈
90,모든 밤 너에게 (연애혁명 X 민현 (뉴이스트)),민현 (뉴이스트)
91,Tic Toc,매드클라운
92,사랑합니다...,팀
93,Loving U (러빙유),씨스타
94,선물,멜로망스
95,나를 사랑했던 사람아,허각
96,너를 사랑하고도,전유나
97,Must Have Love (Feat. 에릭남),가인
98,If You Love Me (Feat. 박재범),NS 윤지
99,처음 보는 나 (하트시그널 삽입곡),Steady (스테디)
100,여름여름해 (Sunny Summer),여자친구 (GFRIEND)
101,사랑비,김태우
102,Darling,걸스데이
103,그여자,백지영
104,오직 하나뿐 그대,심신
105,I Need You,"허각"
106,사랑이 올까요,"마이티 마우스"
107,NoNoNo,Apink (에이핑크)
108,사람냄새,"정인, 개리"
109,연,빅마마
110,사랑의 신호등,정다경 (미스트롯)
111,우연히 봄,"로꼬, 유주 (여자친구)"
112,사랑은 언제나 목마르다,유미
113,내 사랑 (MY LOVE),이하이
114,보라빛 향기,강수지
115,추억은 눈꽃처럼,강수지
116,짧은머리,"허각, 정은지"
117,Break Away,빅마마
118,커플,젝스키스
119,밤 끝없는 밤,AKMU (악뮤)
120,I Don't Care,2NE1
121,사랑합니다,이재훈
122,거북이,다비치
123,Marry Me,케이윌
124,찾았다,"JYJ"
125,장난아냐 (Rocking),틴탑
126,"인기 (Feat. 송가인 & 챈슬러)",MC몽
127,우리의 얘기를 쓰겠소,SG 워너비
128,나랑 같이 걸을래 (바른연애 길잡이 X 적재),적재
129,러브 델루나,"태용 (TAEYONG), 펀치 (Punch)"
130,너만 생각나,장나라
131,니 소식,송하예
132,Stay With Me,"찬열 (CHANYEOL), 펀치 (Punch)"
133,내 생애 가장 행복한 시간 (Feat. 허각),MC몽
134,그대 내 친구여,패티김
135,부산 바캉스,레게 강 같은 평화
136,눈물이 나,맥켈리
137,오늘부터 1일 (Day 1),케이윌
138,너와 함께 있음을,라디 (Ra. D)
139,부산에 가면 (With. 최백호),Ecobridge
140,Give Love,AKMU (악뮤)
141,INTRO. 권지용 (Middle Fingers-Up),G-DRAGON
142,Don`t Cry,더 크로스
143,내가 갈게,울랄라세션
144,기억에게 외치다 (Feat. 조현아 Of 어반자카파),장우혁
145,그대 돌아오면..,거미
146,봄 같던 그녀가 춥대 (Feat. 페노메코),"MC몽, 김재환"
147,못된 여자 (Feat. 서인영),원투
148,후유증,제국의아이들 (ZE:A)
149,"Femme Fatale (Feat. Tyra, Beenzino)",스윙스
150,내게 남은 사랑을 드릴께요,장혜리
151,Would You Be My (Feat. Beenzino),팔로알토 (Paloalto)
152,까르보나라,김나희 (미스트롯)
153,"길 (Song by 아이유, 헨리, 조현아, 양다일)",god
154,벌써일년,"반하나, MJ (써니사이드)"
155,잠꼬대,뉴이스트
156,What,드림캐쳐
157,바람의 유령,제국의아이들 (ZE:A)
158,뿜뿜,모모랜드 (MOMOLAND)
159,Saturday Night,god
160,나 항상 그대를,이선희
161,별빛 바램 (Wish Upon a Star),SHINee (샤이니)
162,내가 많이 사랑해요,이승철
163,INTRO. 권지용 (Middle Fingers-Up),G-DRAGON
164,겨울이야기,조관우
165,너에게로 또 다시,변진섭
166,그녀에게 전해주오,소방차
167,꽃길만 걷게 해줄게,데이브레이크 (DAYBREAK)
168,I Love You,AKMU (악뮤)
169,Aspirin (아스피린),걸
170,사랑의 시(時),엠씨더맥스 (M.C the MAX)
171,황혼의 문턱,왁스
172,Too Love,XIA (준수)
173,Only one you,모모랜드 (MOMOLAND)
174,Think About' Chu (Prod. By 박근태),"샘김 (Sam Kim), 로꼬"
175,Yesterday,박혜경
176,Dream (Prod. by 박근태),"수지, 백현 (BAEKHYUN)"
177,"전국민 러브송 (Feat. MC몽, 유리 Of Cool)",박장근
178,얘가 이렇게 예뻤나,훈스 (HOONS)
179,한번만...,혜령
180,서울사람들,버스커 버스커
181,이 밤이 지나면,임재범
182,너를 사랑하진 않아 (Feat. 케이시),자이언트핑크
183,Endless,플라워
184,Insomnia (불면증),휘성 (Realslow)
185,BAE,효린
186,IF... (너만 있으면),B1A4
187,사랑은 아프려고 하는 거죠,엠씨더맥스 (M.C the MAX)
188,"떠나가요, 떠나지마요",더 크로스
189,빨간 운동화,박혜경
190,instagram,DEAN
191,You Are My Lady,정엽
192,White Day,걸스데이
193,나를 잊지 말아요,허각
194,하얀 바람,소방차
195,어젠 (DUET.환희),송지은
196,마지막 사,BIGBANG
197,난 너에게,민들레
198,"다시는 사랑하지 않고, 이별에 아파하기 싫어",백지영
199,OOH-AHH하게,TWICE (트와이스)
200,꽃잎점 (하트시그널 삽입곡),PERCENT
201,내 안부,이우
202,I Wish,메이비 (Maybee)
203,I Swear,씨스타
204,고백,장나라
205,연애시대 (Feat. Ra.D) (Nar. 한효주),이승기
206,Diva,애프터스쿨
207,랄랄라 (Feat. 소야),마이티 마우스
208,전원일기 (田園日記) (Feat. 이단옆차기 & 태운),티아라
209,통화중,소방차
210,사랑일뿐야,김민우
211,그리워하다,비투비
212,"LOVE DAY (2021) (바른연애 길잡이 X 양요섭, 정은지)","양요섭, 정은지"
213,UN Village,백현 (BAEKHYUN)
214,그대 슬픔까지 사랑해,심신
215,백설공주를 사랑한 난장이,더 크로스
216,있다 없으니까 (Gone Not Around Any Longer),씨스타19
217,Happy Birthday,라디 (Ra. D)
218,퇴근버스,이준호
219,아직 너의 시간에 살아,이수현
220,느낌이 좋아,헤일로 (HALO)
221,눈물 (Feat. 유진 Of 더 씨야),리쌍
222,이 밤의 끝,펀치 (Punch)
223,365일,알리 (ALi)
224,기억속의 먼 그대에게,박효신
225,내 입술 따뜻한 커피처럼 (Feat. 이성경),에디킴
226,그 한마디 (바른연애 길잡이 X 이하이),이하이
227,목소리 (Feat. 개리 Of 리쌍),백지영
228,너란 봄 (Feat. 하림),정은지
229,제자리 걸음,고유진 (플라워)
230,Rap Star,스윙스
231,1분 1초,지연
232,진혼,야다 (Yada)
233,아름답고도 아프구나,비투비
234,노래가 늘었어,에일리(AILEE)
235,우유 (하니 Solo),EXID
236,날 그만 잊어요,거미
237,어떤 설레임,라디 (Ra. D)
238,A Fool Moon Night,칵스 (THE KOXX)
239,숙녀에게,변진섭
240,나만 바라봐,태양
241,Ma Boy (마보이),씨스타19
242,Hello,소향
243,Good-night Kiss,전효성
244,Another Day,"먼데이 키즈 (Monday Kiz), 펀치 (Punch)"
245,Give It To Me,씨스타
246,아프다,"지코 (ZICO), 소진 (Sojin)"
247,죽을 만큼 아파서 (Feat. 멜로우),MC몽
248,우리 사랑 여기까지죠,혜령
249,안되나요,휘성 (Realslow)
250,연애 할까요,황보
251,Something,걸스데이
252,썸데이,The One (더원)
253,SHAKE IT,씨스타
254,행복하지 말아요,엠씨더맥스 (M.C the MAX)
255,사랑 범벅 (Feat. 챈슬러 of the channels),MC몽
256,홀로 된다는 것,변진섭
257,좋다,데이브레이크 (DAYBREAK)
258,에너지 (Feat. 선예),마이티 마우스
259,반지하나,혜령
260,왜그래,김현철
261,Blue Rain,핑클 (Fin.K.L)
262,태양처럼,하현우 (국카스텐)
263,HONEY BEE (Prod. by 박근태),"루나 (LUNA), 하니 (EXID), 솔라 (마마무)"
264,넌 또 다른 나,이승철
265,No Mercy,스윙스
266,당신을 위하여,더 크로스
267,때려박는 랩 (Bonus Track) (Battlecry),매드클라운
268,양화대교,Zion.T
269,늪,조관우
270,좋은 이별이 있을 리가 없잖아 (Feat. 조현아 Of 어반자카파),MC몽
271,추억속의 그대,이승기
272,"다시는 사랑하지 않고, 이별에 아파하기 싫어",백지영
273,두근두근,벤
274,들었다 놨다,데이브레이크 (DAYBREAK)
275,D.I.S.C.O (Feat. TOP),엄정화
276,My Way,이수 (엠씨더맥스)
277,음 (Mmmh),카이 (KAI)
278,다시 와주라,바이브
279,"안녕, 오늘의 그대에게",임한별
280,미안해요 (Feat. T.O.P),거미
281,너에게 약속하는 7가지,"테이, 간미연"
282,꽃 (Feat. Justhis) (Flowers),매드클라운
283,꿈(夢),송가인
284,정신이 나갔었나봐,이승기
285,미스터리 (Feat. San E),박지윤
286,열두 시가 되면,가인
287,Please,플라워
288,소원,김현성
289,나를 슬프게 하는 사람들,김경호
290,김밥,더 자두
291,Blue Eyes,쿨 (COOL)
292,흑백사진 (2021) (바른연애 길잡이 X KCM),KCM
293,슬픈다짐,야다 (Yada)
294,짧은 치마 (Miniskirt),AOA
295,가시리,버블 시스터즈
296,난 예술이야,헬로비너스
297,바람꽃,이선희
298,링마벨 (Ring My Bell),걸스데이
299,사랑은 다 이러니,홍진영
300,Bubble Love,"MC몽, 서인영"
301,Perhaps Love (사랑가요) (Prod.By 박근태),"에릭남 (Eric Nam), CHEEZE (치즈)"
302,오빠만 믿어,박현빈
303,도망가자 (Feat. 린),MC몽
304,"서커스 (Feat. 임유경 - 달래 음악단 , ＄howgun)",MC몽
305,4시 44분 (Feat. 휘인 of 마마무),박봄
306,추억 사랑만큼 (Feat. 강현정 Of Bubble Sisters),브라운 아이드 소울
307,그게 좋은거야 (Time with you),규현 (KYUHYUN)
308,라일락이 질때,이선희
309,남잔 다 그래,이우상
310,애모,김수희
311,Starry Night,모모랜드 (MOMOLAND)
312,사랑해 (Feat. 윤은혜),마이티 마우스
313,다시 쓰고 싶어,에일리(AILEE)
314,하루의 끝에,V.O.S
315,Feeling (Feat. PENOMECO),정세운
316,부끄럼,멜로망스
317,질투나,"거미, 에일리(AILEE)"
318,동화,멜로망스
319,울어,V.O.S
320,두근두근 (Feat. 길미),김종민
321,꿈(夢),송가인
322,가지마,환희
323,지우개,알리 (ALi)
324,Paradise,효린
325,첫 눈 그리고 첫 키스,요섭
326,투명 우산 (Don't Let Me Go),SHINee (샤이니)
327,체념 後(후),빅마마
328,바보에게... 바보가,박명수
329,사랑이라 쓰고 아픔이라 부른다,서인영
330,만약에 말야 (전우성 Solo),노을
331,긴 생머리 그녀,틴탑
332,쎈언니,제시 (Jessi)
333,Pretty,IZ*ONE (아이즈원)
334,약속,김범수
335,어쩌다,브라운아이드걸스
336,Lonely,2NE1
337,동네술집,"허각, 정인"
338,와줘..,SE7EN
339,나의 모든 날,세정
340,일년을 하루같이,바비 킴
341,나혼자 (Alone),씨스타
342,뒷모습이 참 예뻤구나 (At close),규현 (KYUHYUN)
343,얼음꽃,에일리(AILEE)
344,하늘색 풍선,god
345,목격자,박지윤
346,Because I Love You,거미
347,반짝반짝,걸스데이
348,첫째 날 (With 나얼),Ecobridge
349,잘 살고 있다,V.O.S
350,무한지애(無恨之愛),김정민
351,못된 여자 Ⅱ,원투
352,나와 같다면,김장훈
353,Amen,몬스타엑스
354,너에겐 이별 나에겐 기다림,김재중
355,얼쑤,윙크
356,난 네게,라디 (Ra. D)
357,혼자만 하는 사랑,거미
358,I'm in love,라디 (Ra. D)
359,애인만들기,SS501
360,어머니의 된장국 (Feat. Ra.D),다이나믹 듀오
361,마주보며 서 있어,인피니트
362,TONIGHT,BIGBANG
363,샤넬 (Feat. 박봄),MC몽
364,예쁜 나이 25살,송지은
365,오빠는 풍각쟁이,신미래
366,LOVE IS YOU,"케이윌, 씨스타, 정기고, 매드클라운, 보이프렌드, 주영"
367,문자 (Feat. 백지영),마리오
368,만만하니,유키스
369,취향저격,iKON
370,휴식같은 친구,김민우
371,비가 내리는 날에는,윤하 (YOUNHA)
372,러브119 (Feat. MC몽),케이윌
373,스토커 (Feat. 매드클라운) (Stalker),매드클라운
374,마주치지 말자 (Let's Not...),SUPER JUNIOR (슈퍼주니어)
375,Good Boy (Feat. 용준형 Of 비스트),백지영
376,좋은사람 만나요 (Feat. 환희),메이비 (Maybee)
377,이 별,길구봉구
378,미쳤어 (Feat. 에릭),손담비
379,더 만나봤자 뭐해,지아
380,찬찬찬,편승엽
381,그 사람... 욕하지 마요,천상지희 더 그레이스 (The Grace)
382,니가 필요해 (I Need You),베스티
383,아이스크림,MC몽
384,Stand By Me,SHINee (샤이니)
385,각 (Angle),황치열
386,바보에게... 바보가,박명수
387,대박사건 (Crash),B.A.P
388,Running & Running,엠블랙
389,사랑이란 멜로는 없어,전상근
390,Lay Back,케이윌
391,언젠가 설명이 필요한 밤 (바니와 오빠들 X 승희 (오마이걸)),승희 (오마이걸)
392,그리워서 눈물나서,이수영
393,너나 잘해,에일리(AILEE)
394,행복해,송하예
395,휘경동 부르스,신승태
396,노래,Zion.T
397,노래 불러줘요 (Feat. 아이유),god
398,마카롱,걸스데이
399,나쁜손 (Feat. 버벌진트) (Naughty Hands),씨스타
400,니가 뭔데 (Who You?),G-DRAGON
401,So Fresh (Feat. 김태우) (위대한 캣츠비 OST 삽입곡),MC몽
402,"날 봐, 귀순",대성
403,사랑할래,별
404,욕심,멜로망스
405,갈 수가 없어,벤
406,안아줘요,10CM
407,여기에 있자,SURL (설)
408,갈 곳이 없어,거미
409,FOR YOU,플라워
410,넌 감동이야,비투비
411,Navy & Shining Gold,VIXX (빅스)
412,사랑했다 미워했다 (I Loved You),황치열
413,홈런 (Feat. 옥주현),MC몽
414,넌 달라,DIA (다이아)
415,4월 이야기 (April Story),장나라
416,오랜만이죠 (Feat. 신지수),라디 (Ra. D)
417,우리의 사랑이 필요한 거죠,변진섭
418,애련 (哀戀),컨츄리 꼬꼬
419,노래 불러줘요 (Feat. 아이유),god
420,If You,에일리(AILEE)
421,어린애 (Girls),NATURE (네이처)
422,발작 (發作),원티드
423,Something,강다니엘
424,이름이 뭐예요?,4minute
425,슬픔을 참는 세 가지 방법,혜령
426,Would You...,박지훈
427,Bungee,백현 (BAEKHYUN)
428,세상 단 한번의 사랑,하동균
429,죽을만큼 아파서 Part.2 (Feat. 스웨덴세탁소),MC몽
430,고래의 꿈 (Falling In Love Again) (Feat. 김영근),바비 킴
431,새벽 가로수길 (With 송유빈),백지영
432,미운오리새끼,god
433,엄마,라디 (Ra. D)
434,그대가 나를 본다면,반하나
435,너를 공부해,소란 (SORAN)
436,With Me,휘성 (Realslow)
437,심쿵해 (Heart Attack),AOA
438,Fiction,비스트
439,마네킹,이루
440,집에만 있었지 (바니와 오빠들 X 백아연),백아연
441,독약 (毒藥) (Feat. 해리 Of 다비치),더 씨야
442,오늘 술 한잔해요,지아
443,마지막 약속,김정민
444,입영열차안에서,김민우
445,가식걸,씨스타
446,거문고야,송가인
447,내 생에 아름다운,케이윌
448,D-Day,정기고
449,STAY THE NIGHT (Feat. DeVita),GRAY (그레이)
450,나는... (Feat. Ivy),MC몽
451,봄처럼,김보경 (NEON)
452,화 (Feat. 진실 Of Mad Soul Child) (Fire),매드클라운
453,기억해...사랑해…,플라워
454,기대해,걸스데이
455,Good Good Time,코요태
456,Couple Song (Feat. Kelley),라디 (Ra. D)
457,보고싶어,걸스데이
458,니가 참 좋아,10CM
459,하고싶은 말,김태우
460,Hello Bubble,걸스데이
461,No Make Up,Zion.T
462,넘쳐흘러,엠씨더맥스 (M.C the MAX)
463,눈물 내리는 날 (비),조 트리오
464,비정(非情),김경호
465,다시 만난 날,휘성 (Realslow)
466,파라다이스 (메인 테마),티맥스
467,촌스럽게 왜 이래 (You Don't Know Love),케이윌
468,집에 가지마,GD&TOP
469,넌 언제나 (디깅클럽서울 Ver.),데이브레이크 (DAYBREAK)
470,바람고개,진해성
471,사뿐사뿐,AOA
472,In The Club,2NE1
473,아미가르 레스토랑,쎄쎄쎄
474,사랑해요,김범수
475,화려한 날은 가고,유열
476,Reason (Male Ver.),바비 킴
477,화등,김수희
478,Sweet Dream (Andante),알렉스
479,한번만 안아줘,걸스데이
480,공일공 (010),이우
481,죄와벌 (club mix),SG 워너비
482,보란듯이 (Feat. 앤덥),손승연
483,The Romantic,투개월
484,"둘만 아는 말투 (Feat. Ra.D, Paloalto)",제리케이 (Jerry.k)
485,Reset (Feat. 진실 Of Mad Soul Child),타이거JK
486,모르시나요,다비치
487,헤어졌다 만났다,다비치
488,흩어진 나날들,강수지
489,Mazeltov,제국의아이들 (ZE:A)
490,시퍼런 봄,쏜애플 (THORNAPPLE)
491,처음 느껴본 이별 (Feat. 곽진언),정은지
492,오늘 밤 (Feat. 배치기),린
493,유리 심장 (Feat. 용준형 Of 비스트),린
494,Tears,이병헌
495,아무런 말들도,"백지영, 옹성우"
496,다 생각나서,김민석 (멜로망스)
497,미친거니,바이브
498,"한사람을 사랑하고 있어 (화사 & 휘인 (마마무)) (Prod. by 김현철)","화사 (Hwa Sa), 휘인 (Whee In), 김현철"
499,연결고리 (Feat. MC Meta),ILLIONAIRE RECORDS
500,뛰뛰빵빵,비투비
501,너에게 닿기를 (I Wish),우주소녀
502,JUST U (PROD. GroovyRoom),"정세운, 식케이 (Sik-K)"
503,Lonely,윤하
504,그남자,현빈
505,투게더,DJ DOC
506,너만 봐 (Feat. The Channels),유지
507,Mr. Potter,DIA (다이아)
508,꿈처럼 내린,다비치
509,불꽃처럼,JBJ95
510,그대가 내 안에 박혔다,황치열
511,눈물이 주르륵,손담비
512,My Love,거미
513,진통제,"티아라, 더 씨야, 파이브돌스, 스피드"
514,그 남잔 말야,엠씨더맥스 (M.C the MAX)
515,사실은,"한해, 양다일"
516,행복,소란 (SORAN)
517,내 머리가 나빠서,SS501
518,가끔 이러다,펀치 (Punch)
519,HOT PINK,EXID
520,일기장,이승철
521,WE LIKE 2 PARTY,BIGBANG
522,Let Me Dance,렉시
523,회룡포,최향
524,독기,리쌍
525,"Indian Boy (Feat. 장근이, B.I)",MC몽
526,그대와 둘이,브라운 아이드 소울
527,봄비 (With 알리),김장훈
528,여기요,홍자 (미스트롯)
529,다시 너를,"매드클라운, 김나영"
530,말해줘요,걸스데이
531,우리 어머니,최향
532,SEDANSOGU (세상에 단 하나뿐 소중한 그대),수호 (SUHO)
533,누구보다 널 사랑해,비쥬
534,DREAMLIKE,IZ*ONE (아이즈원)
535,쇼크,구피
536,빗물이 내려서,김태우
537,지못미,iKON
538,위로,김범수
539,핑크빛 로맨스 (Pink Romance),"케이윌, 씨스타, 보이프렌드"
540,떠날꺼야,쎄쎄쎄
541,삼각형,러블리즈
542,겨울나기,이루
543,Lead Me,씨스타
544,전할 수 없는 이야기,휘성 (Realslow)
545,바람가요,브라운 아이드 소울
546,하늘색 약속,god
547,"호러쇼 (Feat. 강호동, Whale)",MC몽
548,PIPPI,투아이즈 (2EYES)
549,하늘위로 (Feat. 김지은),렉시
550,Dream Girls,아이오아이 (I.O.I)
551,알고있나요,썸데이
552,FIVE,Apink (에이핑크)
553,DAY BY DAY,티아라
554,잘 있나요,The One (더원)
555,보통 같으면,한동근
556,아파 (Slow),2NE1
557,하고싶은 말,김태우
558,내 생애 가장 행복한 시간 PART.2 (FEAT.양다일),MC몽
559,남자는 배 여자는 항구,신미래
560,그댈 새겨두어요 (바른연애 길잡이 X 린),린
561,나도 모르는 노래 (Hallelujah),김필
562,Beautiful Target,B1A4
563,그리운 건 어쩔 수 없어,환희
564,About Love,Red Velvet (레드벨벳)
565,너 없 안된다,비투비
566,Wing,박지훈
567,오늘따라 예쁘다,"윤딴딴, 은하 (EUNHA)"
568,TTL Listen 2,"티아라, 초신성"
569,짠쿵쾅,모모랜드 (MOMOLAND)
570,편한 사람이 생겼어,일락
571,좋은 길,김형중
572,Really Like You,IZ*ONE (아이즈원)
573,듣고싶어 (E905),DIA (다이아)
574,갖고놀래 (Feat. 다이나믹 듀오),범키
575,흩어져,먼데이 키즈 (Monday Kiz)
576,Fighter,몬스타엑스
577,내 이름은,티아라
578,Something,"죠지, 강혜인"
579,사랑이 온다,"백지영, 치타 (CHEETAH)"
580,붙잡았어야 해,ASTRO (아스트로)
581,솔직히 말할까 (Narr.다솜 Of 씨스타) (Honestly),몬스타엑스
582,봄 (feat. 산다라박),박봄
583,여성시대,"씨야, 다비치, 티아라"
584,별이 빛나는 밤에,원투
585,열기구,SURL (설)
586,왜 이제야 왔니,정엽
587,질투가 좋아,멜로망스
588,눈물길,휘성 (Realslow)
589,내 눈물이 하는 말,견우 (Kyunwoo)
590,눈,SURL (설)
591,매일,JBJ
592,파라다이스 (Feat. 박우진 Of AB6IX),김재환
593,아름다운 밤이야,비스트
594,Beverly 1lls,"수퍼비, myunDo"
595,톡톡 (Tok Tok) (Feat. SOYA),마이티 마우스
596,You＆I,먼데이 키즈 (Monday Kiz)
597,농담 반 진담 반,슈가볼
598,Rainbow Falling,차은우 (ASTRO)
599,화양연화,이태종
600,듣고 싶던 말,허각
601,"존버 (Feat. Coogie, Jiselle)",MC몽
602,연,거미
603,누나 (NUNA),김재환
604,I Believe,주원
605,전쟁이야,엠블랙
606,맘마미아,카라
607,사랑은 이제 그만,버블 시스터즈
608,박수쳐,2NE1
609,오빠 힘내요,김종민
610,빙글빙글,유키스
611,운명처럼,벤
612,이것도 사랑이니,이동은 (라이어밴드)
613,4시 44분 (Feat. 휘인 of 마마무),박봄
614,너를,이우
615,Go Higher,GOT7 (갓세븐)
616,나도 여자예요,민아 (걸스데이)
617,바람필래,조성모
618,Pepe,CLC
619,분홍립스틱,송윤아
620,Upgrader,Lim Kim
621,내가 야! 하면 넌 예! (Duet With LYN),김태우
622,넘어와 (Feat. 백예린),DEAN
623,어른병 (I Lost Me),황치열
624,Dry Flower,SURL (설)
625,노는 게 제일 좋아 (OH YA YA YA),루나솔라 (LUNARSOLAR)
626,꽃이야,JBJ
627,밤이 두려워진 건,정동하
628,여자 대통령,걸스데이
629,하늘색 약속,god
630,아무도 모르게 (Prod. by MC몽),"치타, 에일리"
631,서울,쏜애플 (THORNAPPLE)
632,살찐 사랑,제시 (Jessi)
633,애(愛人),김정민
634,쉼표,홍대광
635,나 오늘 술 마셨어,전철민
636,Lucky,EXO
637,Good Morning Baby,Apink (에이핑크)
638,원더우먼,"씨야, 다비치, 티아라"
639,BABY DON'T CRY,대성
640,너 때문에 (Feat. 성훈 Of 브라운아이드소울),UV
641,궁금해,모모랜드 (MOMOLAND)
642,미쳤나봐 (With 권정열 Of 10cm),소란 (SORAN)
643,"나 이런 여자예요 (With 예지, 체스카 Of 피에스타)",지아
644,넘사벽 (Incomparable),몬스타엑스
645,사랑한다 말할까,소유 (SOYOU)
646,키스해줄래,지나
647,Wake Up,일레인
648,왜 이리,길구봉구
649,마지막 그 한마디,이승기
650,신 사랑고개,오유진
651,OPEN YOUR EYES,IZ*ONE (아이즈원)
652,OK,딸기우유
653,두둠칫 (Doo Doom Chit),크레용팝
654,내가 그리웠니 (Feat. 진실 Of Mad Soul Child),MC몽
655,너를 보내며,젝스키스
656,So Good,카라
657,미치겠어 (Feat. M.A.C),MC몽
658,블루메이즈 (Bluemaze),하성운
659,오늘밤은 어둠이 무서워요,10cm
660,죽도록 사랑해 2 (Feat. 조성모),MC몽
661,망설이다,GOT7 (갓세븐)
662,만약에 우리 둘 중 하나라도 (If We Were) (한반도OST),화요비
663,"호랑나비 (Feat. Gill, 리듬파워, 김흥국)",보이비
664,팔베개 (Feat. 기현) (Pillow),"소유 (SOYOU), 기리보이( FEAT.기현)"
665,궁금's,하성운
666,그렇게 사랑하고 그렇게 웃었습니다,버블 시스터즈
667,"너, 한눈 팔지마!",걸스데이
668,괜찮을까,박보람
669,처럼 (Feat. 이하이),유재석
670,죽을 것만 같아,환희
671,마음 단단히 먹어 (Feat. 에일리),MC몽
672,눈물이 툭 (Feat. 박경 Of 블락비),지아
673,게임의 법칙,구피
674,별,태무
675,"끌림 (바니와 오빠들 X 에릭남 (Eric Nam), 이나은 (에이프릴))","에릭남 (Eric Nam), 이나은 (에이프릴)"
676,나쁜놈 (Feat. 소야),마이티 마우스
677,"울고, 불고...","지아, 포맨"
678,잘 지내 (Feat. 정인),자이언트핑크
679,연애 같은 걸 하니까,소란 (SORAN)
680,사랑님,오유진
681,가까이 와봐,이승철
682,사랑해서…(이영현 솔로),빅마마
683,눈 내리는 마을,"애프터스쿨, 브라운아이드걸스, 케이윌, 간미연, 테이, 숙희, 안영민"
684,너의 가슴으로 가는 길,먼데이 키즈 (Monday Kiz)
685,"별, 그대 (The Only Star)",황치열
686,넌 너무 야해 (Feat. 긱스) (The Way You Make Me Melt),씨스타
687,Kiss Me,샵
688,"하늘, 바다, 나무, 별의 이야기",조관우
689,1년 정거장,G-DRAGON
690,시간이 필요해,김재환
691,오늘 모해 (#WYD),IKON
692,EVERYDAY I LOVE YOU (Feat. 하슬),이달의소녀
693,키다리 아저씨,백아연
694,천하무적 (Feat. 박장근),MC몽
695,별의 별,Apink (에이핑크)
696,훔쳐 (Feat. Double K),Dok2
697,널 너무 사랑해서 (Feat. 정은지 of 에이핑크),MC몽
698,불공평해 (Unfair),EXO
699,이별의 그늘,윤상
700,가려진 시간 사이로,윤상
701,예쁘다,에어플레인
702,Hot Baby,베스티
703,이상하다 참 (Feat.칸토 Of 트로이),민아 (걸스데이)
704,바다를 나는 거북이 (PROD. 이단옆차기),정세운
705,SO CURIOUS,IZ*ONE (아이즈원)
706,눈물에 얼굴을 묻는다,장나라
707,이해해,박다혜
708,그녀에게,유엔
709,HONEY BEE (Prod. by 박근태),"루나 (LUNA), 하니 (EXID), 솔라 (마마무)"
710,혼자가 편해졌어 (Feat. 케이윌),ELSIE (은정)
711,덜덜덜,EXID
712,그래도 남자니까,MC몽
713,단 하루라도 나로 살아보면,미교
714,모두 잠든 후에,김원준
715,권태중독 (Feat. 선우정아),MC몽
716,TIAMO,티아라
717,아지랑이,쏜애플 (THORNAPPLE)
718,창피해,박봄
719,날 보러와요,오유진
720,이별이란 게 뭐라고,임도혁
721,진절머리 (Feat. Okasian & Dok2),빈지노 (Beenzino)
722,반창고,"MC몽, 허각"
723,바람아 (Feat. 빈지노),Lim Kim
724,예쁜 속옷,지나
725,True Colors,JBJ
726,Young 20 (Prod. 이대휘),박지훈
727,결혼합니다 (Duet. 태사비애),지천비화
728,Ice Cream (Feat. Maboos),현아
729,2월,쏜애플 (THORNAPPLE)
730,공,진해성
731,MaMa,바비 킴
732,ONE&ONLY,ASTRO (아스트로)
733,오락실,한스밴드
734,My Tale,박원
735,Beautiful,Wanna One (워너원)
736,Mad (Feat. 언터쳐블),바다 (BADA)
737,밤을 새 (Feat. 베이식),허각
738,종이새,Lim Kim
739,바람났어 (Feat. 박봄),GG (박명수 & G-Dragon)
740,SOUL,"H&D (한결, 도현)"
741,180˚,MC몽
742,New York (Feat. 백지영),MC몽
743,잠깐만요,어쿠루브
744,다시 (Feat. 유재석),터보
745,홀로 아리랑,이송연
746,그대이기에,The One (더원)
747,우리 잠깐 쉬어갈래요,멜로망스
748,눈이 멀었다,MC몽
749,바질 (Feat. BrotherSu),매드클라운
750,Peek-A-Boo,"박규리, 허영지"
751,영원,조관우
752,꿈에 (솔지 SOLO),EXID
753,우리 사랑했잖아,"다비치, 티아라"
754,웃픈 하루,god
755,눈이 내린다,god
756,첫사랑,오투포
757,고마워고마워,라디 (Ra. D)
758,나를 잊지마요,걸스데이
759,"일주일 (247) (Feat. Zion.T, Crush, DEAN)",정기고
760,온도 (Feat. 수란),MC몽
761,Simple Love (Feat. 나비),MC몽
762,Stay Together,2NE1
763,나랑 사귈래,DIA (다이아)
764,너를 보네 (Feat. 권정열 Of 10cm),소란 (SORAN)
765,D-Day,정기고
766,여자로보여,콜딘 (Coldin)
767,I LUV U,헨리 (HENRY)
768,낯선 길,유진 (더 씨야)
769,너를 지워야만 나 사는데,더 크로스
770,농담 반 진담 반,슈가볼
771,행복해 (Feat. 키겐 of 팬텀),애즈원
772,"미안해요, 고마워요",변진섭
773,헤어지자,서인영
774,가,유니
775,이별까지는 생각 못 했어,이우
776,I'm In Love,시크릿
777,출 (出),리사
778,잊지마요 (Feat. 박지훈),하성운
779,세글자 (Ivy Mix),엠투엠 (M To M)
780,Look,GOT7 (갓세븐)
781,사랑 바보,양수경
782,오직 그대만,바비 킴
783,자꾸 자꾸,일기예보
784,돌아보지마 (Follow Me & You),이진혁
785,왠지 (Somehow),DIA (다이아)
786,립스틱 짙게 바르고,재하
787,자꾸 생각나,소란
788,내가 설렐 수 있게,Apink (에이핑크)
789,하지마 (Stop it),B.A.P
790,너를 원해 (Feat. Beenzino),정기고
791,삐뚤어졌어,선우정아
792,고마웠다고...,팀
793,세상은 요지경,신신애
794,Wonderful Day,JBJ
795,블랙홀 (Feat. 에일리),MC몽
796,haaAakkKKK!!!,OurR (아월)
797,Go&Stop,ASTRO (아스트로)
798,봄에 오면 괴롭힐 거예요, 앤씨아
799,Profile (Feat. The Quiett & Dok2),빈지노 (Beenzino)
800,그 남자를 떠나,god
801,BIRD,하성운
802,Don't Stop The Music,2NE1
803,Baby Good Night,GD&TOP
804,메아리,김태우
805,Sad,손승연
806,잘할게,SE7EN
807,내가 먼저,도겸 (SEVENTEEN)
808,뜨거운 설탕 (Hot Sugar),터보
809,심상치 않아 (Feat. 주영),키썸 (Kisum)
810,반짝반짝,BIGBANG
811,But I Love U,BIGBANG
812,그럴걸,김나영
813,태양의 그림자,엠씨더맥스 (M.C the MAX)
814,누가울어,진해성
815,입술자국,F-ve Dolls
816,Goodbye,라디 (Ra. D)
817,Com' Back,젝스키스
818,Luv D.N.A (Feat. 나비),MC몽
819,FM,크레용팝
820,그 길에,임한별
821,She's Gone (Feat. Kush),G-DRAGON
822,악몽,G-DRAGON
823,BOOMERANG (부메랑),Wanna One (워너원)
824,조강지처클럽 3 (내가 지켜줄꺼야),이루
825,가라지,진해성
826,바보,혜령
827,Hello (Feat. 다라),G-DRAGON
828,빨리 전화해 (Feat. KUSH),MOBB (MINO & BOBBY)
829,알아요,"양파, 이보람, 소연"
830,동화 같은 사랑,Apink (에이핑크)
831,영원한 사랑,"씨야, 다비치, 티아라"
832,Memory,김범수
833,사랑 앞에서,정은지
834,Goodbye,웬디 (WENDY)
835,눈을 보고 말해요,라디 (Ra. D)
836,Awoo,Lim Kim
837,On My Way (Feat. Zion.T),Dok2
838,No more,Lim Kim
839,우리가 사는 이야기 (Feat. 메건리),god
840,Nothing Without You,Wanna One (워너원)
841,Love Rain (Feat. 수란),유주 (여자친구)
842,힙합 뮤직 (Feat. 임정희),주석
843,숨바꼭질,터보
844,슬픈 사랑,기호
845,Twilight,Wanna One (워너원)
846,담배 좀 줄여,미스에스 (Miss $)
847,꿈을 꾸다,김태우
848,Very Good,원투
849,어떡하죠,지선
850,Only You,바비 킴
851,나와 같은 맘이길 (Feat. 모트),이민혁
852,Lucky,Ashily
853,가,BOBBY
854,Say,젝스키스
855,MY STAR,이하이
856,물망초 (Feat. 신용재),MC몽
857,외친다 (Call Out),ASTRO (아스트로)
858,별,임한별
859,RUN AWAY,GOT7 (갓세븐)
860,나만 알고 싶다,소란 (SORAN)
861,퍼즐 (Puzzle),용주 (YONGZOO)
862,알아 (Feat. HYNN(박혜원)),MC몽
863,먼저 말해,Lim Kim
864,Can't U See,손담비
865,나를 사랑해줘 (Feat. 개코 Of 다이나믹 듀오),서인영
866,너의 곁에,변진섭
867,쩐의 전쟁 출사표,솔로몬
868,돌아버리겠네,아웃렛 (OUTLET)
869,난말야,UNI.T
870,오.꼭.말,하성운
871,텅빈도로 (EMPTY ROAD),태양
872,아름다운 그대 (Feat. CHOIZA),Crush
873,좋은 사람 Ver.1,티아라
874,WAKE ME UP,태양
875,ONE (Feat. 정일훈 of BTOB),사무엘
876,신사 ($insa),"Zion.T, C JAMM, 레디 (Reddy), 서출구"
877,행복한 나를,쏜애플 (THORNAPPLE)
878,HANDS UP,BIGBANG
879,Hey You,씨스타
880,카페에 앉아,원 모어 찬스 (one more chance)
881,약속,제로
882,나의 봄 (Feat. CHEEZE),노리플라이 (no reply)
883,금토일,달샤벳
884,똑 똑 똑,아이오아이 (I.O.I)
885,Make Love (Feat. Kush),태양
886,Angel Song,에이프릴 (APRIL)
887,녹,김태우
888,"조금씩, 천천히, 너에게",노 리플라이
889,알면 다쳐,Lim Kim
890,쉽지않아 (Missing),틴탑
891,그대라는 날개,김태우
892,Rainfall,첸 (CHEN)
893,내 사랑,태사비애
894,라이딩 (Riding) (Feat. 개코),하성운
895,"아퍼 (Feat. Kid Milli, Lil tachi, 김승민, NO:EL, C JAMM)",기리보이
896,빗물이 내려서,김태우
897,Fake Rock Star (Feat. NO:EL),"스윙스, 한요한"
898,View,적재
899,ANYMORE,서인영
900,I See you,강민혁
901,라밤바,정미애 (미스트롯)
902,불꽃놀이 (Flowerbomb),Wanna One (워너원)
903,La La (PROD. 이단옆차기),정세운
904,내 꿈이여,엠투엠 (M To M)
905,문득,하성운
906,Lonely Night,하성운
907,랑데뷰(Randezvous),양혜승
908,Trap,"스윙스, 유성은"
909,왜 (Why),유노윤호 (U-KNOW)
910,사랑하는 너에게,젝스키스
911,내가 되었으면,노리플라이 (no reply)
912,공중도덕 (Air DoTheQ),The Quiett
913,Machine Gun (Feat. MINO),"KUSH (쿠시), Zion.T"
914,Never Ever,GOT7 (갓세븐)
915,"광해, 왕이 된 남자 OST",Various Artists
916,착한 사람,BIGBANG
917,저기요,하성운
918,나한테 집중해,슈가볼
919,창피해,박봄
920,나한테 집중해,슈가볼 (Sugarbowl)
921,A Door,권순관
922,You Are,GOT7 (갓세븐)
923,난 좋아,정준일
924,Rap Star,Dok2
925,Tonight,권순관
926,Zzz,김재환
927,내 곁에 서 있어줘,비투비-블루
928,다음역,앤씨아
929,용의자 O.S.T,Various Artists
930,시간이 사랑을 대신할 수는 없잖아 (Vocal 전상근),밤에
931,내가 (Feat. Beenzino & The Quiett),Dok2
932,아름다워 (Beautiful) (Feat. 지코 (ZICO),C JAMM
933,키친 OST,Various Artists
934,L4L (Lookin' For Luv) (Feat. Dok2 & The Quiett),"BOBBY (FEAT. DOK2, THE QUIETT)"
935,After Party,김재환
936,정상을 향한 독주 2 (Feat. 김범수),주석
937,"옆에도 눈이 달렸어 (Side, Eye, Moon)",윤지성
938,1llusion,Dok2
939,ECLIPSE,GOT7 (갓세븐)
940,오늘 뭐해?!,하성운
941,마녀가 된 이유,NS 윤지
